"Demographics- race of respondent (PTDTRACE)","Total","No response","Refused","Don't Know","Not in Universe","Yes","No"
" -> Total","254540226","24984995","3839459","3836910","30487052","137527445","53864365"
" -> Total -> Total Alabama","3833260","462829","126805","54002","182051","2097374","910199"
"White only","2720485","332643","102348","31105","115485","1464725","674179"
"Black only","990950","113160","22255","22897","39458","581007","212173"
"American Indian, Alaskan Native Only","27347","0","0","0","3565","16259","7523"
"Asian only","26420","1367","0","0","16590","3501","4962"
"Hawaiian/Pacific Islander Only","21334","2339","0","0","6953","7211","4831"
"White-Black","10736","2739","0","0","0","5898","2099"
"White-AI","21124","0","2202","0","0","14490","4432"
"White-Asian","2399","0","0","0","0","2399","0"
"White-HP","0","0","0","0","0","0","0"
"Black-AI","0","0","0","0","0","0","0"
"Black-Asian","7304","7304","0","0","0","0","0"
"Black-HP","0","0","0","0","0","0","0"
"AI-Asian","0","0","0","0","0","0","0"
"AI-HP","0","0","0","0","0","0","0"
"Asian-HP","0","0","0","0","0","0","0"
"W-B-AI","5161","3277","0","0","0","1884","0"
"W-B-A","0","0","0","0","0","0","0"
"W-B-HP","0","0","0","0","0","0","0"
"W-AI-A","0","0","0","0","0","0","0"
"W-AI-HP","0","0","0","0","0","0","0"
"W-A-HP","0","0","0","0","0","0","0"
"B-AI-A","0","0","0","0","0","0","0"
"W-B-AI-A","0","0","0","0","0","0","0"
"W-AI-A-HP","0","0","0","0","0","0","0"
"Other 3 Race Combinations","0","0","0","0","0","0","0"
"Other 4 and 5 Race Combinations","0","0","0","0","0","0","0"
" -> Total -> Total Alaska","542724","60170","13001","10430","41333","307235","110555"
"White only","357000","38418","6600","4839","17422","233720","56001"
"Black only","18370","1878","2380","694","1232","7851","4335"
"American Indian, Alaskan Native Only","85753","8538","3393","3987","5134","35395","29306"
"Asian only","28622","5693","0","0","9705","7596","5628"
"Hawaiian/Pacific Islander Only","21563","4206","628","0","3604","6554","6571"
"White-Black","2259","0","0","0","650","1216","393"
"White-AI","15718","942","0","910","2369","8138","3359"
"White-Asian","4666","495","0","0","713","3458","0"
"White-HP","480","0","0","0","0","0","480"
"Black-AI","4650","0","0","0","504","0","4146"
"Black-Asian","0","0","0","0","0","0","0"
"Black-HP","0","0","0","0","0","0","0"
"AI-Asian","0","0","0","0","0","0","0"
"AI-HP","0","0","0","0","0","0","0"
"Asian-HP","0","0","0","0","0","0","0"
"W-B-AI","2142","0","0","0","0","2142","0"
"W-B-A","0","0","0","0","0","0","0"
"W-B-HP","0","0","0","0","0","0","0"
"W-AI-A","419","0","0","0","0","419","0"
"W-AI-HP","336","0","0","0","0","0","336"
"W-A-HP","0","0","0","0","0","0","0"
"B-AI-A","0","0","0","0","0","0","0"
"W-B-AI-A","0","0","0","0","0","0","0"
"W-AI-A-HP","746","0","0","0","0","746","0"
"Other 3 Race Combinations","0","0","0","0","0","0","0"
"Other 4 and 5 Race Combinations","0","0","0","0","0","0","0"
" -> Total -> Total Arizona","5393260","469036","47319","54918","814389","2765589","1242009"
"White only","4640474","387729","47319","39387","692856","2478737","994446"
"Black only","260055","21561","0","6883","22946","120122","88543"
"American Indian, Alaskan Native Only","167356","3742","0","3626","18287","65804","75897"
"Asian only","169281","22785","0","0","62391","55358","28747"
"Hawaiian/Pacific Islander Only","34066","5005","0","0","0","9033","20028"
"White-Black","48233","8442","0","5022","15219","6962","12588"
"White-AI","47188","19772","0","0","0","19987","7429"
"White-Asian","2690","0","0","0","2690","0","0"
"White-HP","5337","0","0","0","0","0","5337"
"Black-AI","0","0","0","0","0","0","0"
"Black-Asian","0","0","0","0","0","0","0"
"Black-HP","0","0","0","0","0","0","0"
"AI-Asian","0","0","0","0","0","0","0"
"AI-HP","0","0","0","0","0","0","0"
"Asian-HP","8994","0","0","0","0","0","8994"
"W-B-AI","9586","0","0","0","0","9586","0"
"W-B-A","0","0","0","0","0","0","0"
"W-B-HP","0","0","0","0","0","0","0"
"W-AI-A","0","0","0","0","0","0","0"
"W-AI-HP","0","0","0","0","0","0","0"
"W-A-HP","0","0","0","0","0","0","0"
"B-AI-A","0","0","0","0","0","0","0"
"W-B-AI-A","0","0","0","0","0","0","0"
"W-AI-A-HP","0","0","0","0","0","0","0"
"Other 3 Race Combinations","0","0","0","0","0","0","0"
"Other 4 and 5 Race Combinations","0","0","0","0","0","0","0"
" -> Total -> Total Arkansas","2323020","252902","57504","17245","207985","1240791","546593"
"White only","1905013","211043","34918","15703","156623","1031230","455496"
"Black only","337339","34807","15066","1542","20887","186604","78433"
"American Indian, Alaskan Native Only","7834","0","2336","0","2352","3146","0"
"Asian only","36232","5647","2878","0","20163","6392","1152"
"Hawaiian/Pacific Islander Only","2803","0","0","0","2803","0","0"
"White-Black","2481","0","0","0","1215","1266","0"
"White-AI","26204","1405","2306","0","1360","9621","11512"
"White-Asian","2582","0","0","0","2582","0","0"
"White-HP","0","0","0","0","0","0","0"
"Black-AI","2532","0","0","0","0","2532","0"
"Black-Asian","0","0","0","0","0","0","0"
"Black-HP","0","0","0","0","0","0","0"
"AI-Asian","0","0","0","0","0","0","0"
"AI-HP","0","0","0","0","0","0","0"
"Asian-HP","0","0","0","0","0","0","0"
"W-B-AI","0","0","0","0","0","0","0"
"W-B-A","0","0","0","0","0","0","0"
"W-B-HP","0","0","0","0","0","0","0"
"W-AI-A","0","0","0","0","0","0","0"
"W-AI-HP","0","0","0","0","0","0","0"
"W-A-HP","0","0","0","0","0","0","0"
"B-AI-A","0","0","0","0","0","0","0"
"W-B-AI-A","0","0","0","0","0","0","0"
"W-AI-A-HP","0","0","0","0","0","0","0"
"Other 3 Race Combinations","0","0","0","0","0","0","0"
"Other 4 and 5 Race Combinations","0","0","0","0","0","0","0"
" -> Total -> Total California","30986325","3367395","294618","540996","6092165","14428273","6262878"
"White only","22343209","2366903","177252","399946","4240208","10909778","4249122"
"Black only","1954861","298999","31898","42509","186546","859286","535623"
"American Indian, Alaskan Native Only","523769","49034","17236","0","86336","194694","176469"
"Asian only","4966979","484941","59475","87522","1378495","1863050","1093496"
"Hawaiian/Pacific Islander Only","276969","78354","0","4054","41713","89376","63472"
"White-Black","190832","39107","0","3478","39752","76861","31634"
"White-AI","372417","30413","3504","3487","50984","235193","48836"
"White-Asian","207598","13000","0","0","38845","118943","36810"
"White-HP","9162","0","0","0","0","9162","0"
"Black-AI","44364","6644","0","0","5410","20980","11330"
"Black-Asian","35829","0","0","0","14013","15267","6549"
"Black-HP","0","0","0","0","0","0","0"
"AI-Asian","13261","0","0","0","9863","0","3398"
"AI-HP","0","0","0","0","0","0","0"
"Asian-HP","15106","0","0","0","0","15106","0"
"W-B-AI","21599","0","0","0","0","15460","6139"
"W-B-A","0","0","0","0","0","0","0"
"W-B-HP","0","0","0","0","0","0","0"
"W-AI-A","5253","0","5253","0","0","0","0"
"W-AI-HP","0","0","0","0","0","0","0"
"W-A-HP","0","0","0","0","0","0","0"
"B-AI-A","0","0","0","0","0","0","0"
"W-B-AI-A","0","0","0","0","0","0","0"
"W-AI-A-HP","0","0","0","0","0","0","0"
"Other 3 Race Combinations","5117","0","0","0","0","5117","0"
"Other 4 and 5 Race Combinations","0","0","0","0","0","0","0"
" -> Total -> Total Colorado","4358915","514337","55060","68368","464861","2706456","549833"
"White only","3844783","448239","44426","62368","328482","2493024","468244"
"Black only","193585","28211","0","0","26620","123823","14931"
"American Indian, Alaskan Native Only","20542","4256","0","0","0","6758","9528"
"Asian only","170411","23656","10634","6000","66204","34777","29140"
"Hawaiian/Pacific Islander Only","8607","0","0","0","0","4063","4544"
"White-Black","10436","0","0","0","6887","3549","0"
"White-AI","93096","5089","0","0","36668","31292","20047"
"White-Asian","17455","4886","0","0","0","9170","3399"
"White-HP","0","0","0","0","0","0","0"
"Black-AI","0","0","0","0","0","0","0"
"Black-Asian","0","0","0","0","0","0","0"
"Black-HP","0","0","0","0","0","0","0"
"AI-Asian","0","0","0","0","0","0","0"
"AI-HP","0","0","0","0","0","0","0"
"Asian-HP","0","0","0","0","0","0","0"
"W-B-AI","0","0","0","0","0","0","0"
"W-B-A","0","0","0","0","0","0","0"
"W-B-HP","0","0","0","0","0","0","0"
"W-AI-A","0","0","0","0","0","0","0"
"W-AI-HP","0","0","0","0","0","0","0"
"W-A-HP","0","0","0","0","0","0","0"
"B-AI-A","0","0","0","0","0","0","0"
"W-B-AI-A","0","0","0","0","0","0","0"
"W-AI-A-HP","0","0","0","0","0","0","0"
"Other 3 Race Combinations","0","0","0","0","0","0","0"
"Other 4 and 5 Race Combinations","0","0","0","0","0","0","0"
" -> Total -> Total Connecticut","2889055","310792","60013","54947","406668","1583487","473148"
"White only","2358364","258806","53935","37926","269773","1375886","362038"
"Black only","315105","38926","6078","10207","48504","142070","69320"
"American Indian, Alaskan Native Only","28751","0","0","4563","16677","3822","3689"
"Asian only","154497","13060","0","2251","71714","29371","38101"
"Hawaiian/Pacific Islander Only","0","0","0","0","0","0","0"
"White-Black","17957","0","0","0","0","17957","0"
"White-AI","0","0","0","0","0","0","0"
"White-Asian","5050","0","0","0","0","5050","0"
"White-HP","0","0","0","0","0","0","0"
"Black-AI","9331","0","0","0","0","9331","0"
"Black-Asian","0","0","0","0","0","0","0"
"Black-HP","0","0","0","0","0","0","0"
"AI-Asian","0","0","0","0","0","0","0"
"AI-HP","0","0","0","0","0","0","0"
"Asian-HP","0","0","0","0","0","0","0"
"W-B-AI","0","0","0","0","0","0","0"
"W-B-A","0","0","0","0","0","0","0"
"W-B-HP","0","0","0","0","0","0","0"
"W-AI-A","0","0","0","0","0","0","0"
"W-AI-HP","0","0","0","0","0","0","0"
"W-A-HP","0","0","0","0","0","0","0"
"B-AI-A","0","0","0","0","0","0","0"
"W-B-AI-A","0","0","0","0","0","0","0"
"W-AI-A-HP","0","0","0","0","0","0","0"
"Other 3 Race Combinations","0","0","0","0","0","0","0"
"Other 4 and 5 Race Combinations","0","0","0","0","0","0","0"
" -> Total -> Total Delaware","761158","68392","13123","9472","92434","416158","161579"
"White only","543554","49645","8960","7222","50008","319169","108550"
"Black only","161558","16143","3749","1416","17020","81403","41827"
"American Indian, Alaskan Native Only","1820","0","0","0","0","999","821"
"Asian only","45476","2604","414","834","23719","11436","6469"
"Hawaiian/Pacific Islander Only","0","0","0","0","0","0","0"
"White-Black","7338","0","0","0","1687","1739","3912"
"White-AI","773","0","0","0","0","773","0"
"White-Asian","639","0","0","0","0","639","0"
"White-HP","0","0","0","0","0","0","0"
"Black-AI","0","0","0","0","0","0","0"
"Black-Asian","0","0","0","0","0","0","0"
"Black-HP","0","0","0","0","0","0","0"
"AI-Asian","0","0","0","0","0","0","0"
"AI-HP","0","0","0","0","0","0","0"
"Asian-HP","0","0","0","0","0","0","0"
"W-B-AI","0","0","0","0","0","0","0"
"W-B-A","0","0","0","0","0","0","0"
"W-B-HP","0","0","0","0","0","0","0"
"W-AI-A","0","0","0","0","0","0","0"
"W-AI-HP","0","0","0","0","0","0","0"
"W-A-HP","0","0","0","0","0","0","0"
"B-AI-A","0","0","0","0","0","0","0"
"W-B-AI-A","0","0","0","0","0","0","0"
"W-AI-A-HP","0","0","0","0","0","0","0"
"Other 3 Race Combinations","0","0","0","0","0","0","0"
"Other 4 and 5 Race Combinations","0","0","0","0","0","0","0"
" -> Total -> Total District of Columbia","567449","39260","3115","18923","55994","380306","69851"
"White only","265915","17335","1442","6044","23414","194149","23531"
"Black only","260740","19951","1401","12111","22740","161796","42741"
"American Indian, Alaskan Native Only","2387","292","0","0","406","1689","0"
"Asian only","26712","1178","272","768","8922","13141","2431"
"Hawaiian/Pacific Islander Only","337","0","0","0","0","337","0"
"White-Black","4687","267","0","0","512","3908","0"
"White-AI","882","0","0","0","0","882","0"
"White-Asian","1030","0","0","0","0","1030","0"
"White-HP","0","0","0","0","0","0","0"
"Black-AI","439","0","0","0","0","0","439"
"Black-Asian","237","237","0","0","0","0","0"
"Black-HP","0","0","0","0","0","0","0"
"AI-Asian","0","0","0","0","0","0","0"
"AI-HP","0","0","0","0","0","0","0"
"Asian-HP","0","0","0","0","0","0","0"
"W-B-AI","3319","0","0","0","0","2610","709"
"W-B-A","764","0","0","0","0","764","0"
"W-B-HP","0","0","0","0","0","0","0"
"W-AI-A","0","0","0","0","0","0","0"
"W-AI-HP","0","0","0","0","0","0","0"
"W-A-HP","0","0","0","0","0","0","0"
"B-AI-A","0","0","0","0","0","0","0"
"W-B-AI-A","0","0","0","0","0","0","0"
"W-AI-A-HP","0","0","0","0","0","0","0"
"Other 3 Race Combinations","0","0","0","0","0","0","0"
"Other 4 and 5 Race Combinations","0","0","0","0","0","0","0"
" -> Total -> Total Florida","16745490","2524321","375342","225495","2321548","8575312","2723472"
"White only","13491624","1968446","259108","169092","1693434","7279198","2122346"
"Black only","2574407","417015","90129","56403","498676","1048278","463906"
"American Indian, Alaskan Native Only","40273","0","0","0","3440","22930","13903"
"Asian only","492033","117785","17011","0","111636","153380","92221"
"Hawaiian/Pacific Islander Only","7901","0","4342","0","0","3559","0"
"White-Black","47644","7232","0","0","9161","21295","9956"
"White-AI","36804","0","4752","0","5201","23413","3438"
"White-Asian","26600","13843","0","0","0","4131","8626"
"White-HP","3761","0","0","0","0","3761","0"
"Black-AI","4176","0","0","0","0","4176","0"
"Black-Asian","4997","0","0","0","0","0","4997"
"Black-HP","4079","0","0","0","0","0","4079"
"AI-Asian","5806","0","0","0","0","5806","0"
"AI-HP","0","0","0","0","0","0","0"
"Asian-HP","0","0","0","0","0","0","0"
"W-B-AI","0","0","0","0","0","0","0"
"W-B-A","0","0","0","0","0","0","0"
"W-B-HP","0","0","0","0","0","0","0"
"W-AI-A","5385","0","0","0","0","5385","0"
"W-AI-HP","0","0","0","0","0","0","0"
"W-A-HP","0","0","0","0","0","0","0"
"B-AI-A","0","0","0","0","0","0","0"
"W-B-AI-A","0","0","0","0","0","0","0"
"W-AI-A-HP","0","0","0","0","0","0","0"
"Other 3 Race Combinations","0","0","0","0","0","0","0"
"Other 4 and 5 Race Combinations","0","0","0","0","0","0","0"
" -> Total -> Total Georgia","7929112","799595","110896","138424","878323","4254500","1747374"
"White only","4945377","506606","62954","48093","493888","2787035","1046801"
"Black only","2466461","237126","41120","82983","204567","1353594","547071"
"American Indian, Alaskan Native Only","56294","0","0","0","27608","6001","22685"
"Asian only","372305","37506","6822","7348","148662","70679","101288"
"Hawaiian/Pacific Islander Only","4263","0","0","0","0","4263","0"
"White-Black","34864","0","0","0","3598","10377","20889"
"White-AI","29631","9687","0","0","0","16184","3760"
"White-Asian","9792","4912","0","0","0","0","4880"
"White-HP","2214","0","0","0","0","2214","0"
"Black-AI","7911","3758","0","0","0","4153","0"
"Black-Asian","0","0","0","0","0","0","0"
"Black-HP","0","0","0","0","0","0","0"
"AI-Asian","0","0","0","0","0","0","0"
"AI-HP","0","0","0","0","0","0","0"
"Asian-HP","0","0","0","0","0","0","0"
"W-B-AI","0","0","0","0","0","0","0"
"W-B-A","0","0","0","0","0","0","0"
"W-B-HP","0","0","0","0","0","0","0"
"W-AI-A","0","0","0","0","0","0","0"
"W-AI-HP","0","0","0","0","0","0","0"
"W-A-HP","0","0","0","0","0","0","0"
"B-AI-A","0","0","0","0","0","0","0"
"W-B-AI-A","0","0","0","0","0","0","0"
"W-AI-A-HP","0","0","0","0","0","0","0"
"Other 3 Race Combinations","0","0","0","0","0","0","0"
"Other 4 and 5 Race Combinations","0","0","0","0","0","0","0"
" -> Total -> Total Hawaii","1104271","140311","20735","40564","130584","460632","311445"
"White only","233174","33184","1763","2593","13924","128960","52750"
"Black only","24560","3666","0","737","688","14728","4741"
"American Indian, Alaskan Native Only","2178","0","0","0","0","2178","0"
"Asian only","507931","59552","8871","25347","90523","182155","141483"
"Hawaiian/Pacific Islander Only","136229","26250","4514","4886","12341","41454","46784"
"White-Black","875","0","0","0","0","0","875"
"White-AI","6498","1427","0","0","1930","1863","1278"
"White-Asian","54969","8773","1889","948","2656","24654","16049"
"White-HP","53137","2943","1127","2699","4569","24610","17189"
"Black-AI","675","0","0","0","0","675","0"
"Black-Asian","3574","0","0","0","880","1735","959"
"Black-HP","1028","0","0","0","0","0","1028"
"AI-Asian","818","0","0","818","0","0","0"
"AI-HP","0","0","0","0","0","0","0"
"Asian-HP","41074","2753","857","0","924","20595","15945"
"W-B-AI","0","0","0","0","0","0","0"
"W-B-A","0","0","0","0","0","0","0"
"W-B-HP","0","0","0","0","0","0","0"
"W-AI-A","0","0","0","0","0","0","0"
"W-AI-HP","0","0","0","0","0","0","0"
"W-A-HP","36889","1763","1714","2536","2149","17025","11702"
"B-AI-A","0","0","0","0","0","0","0"
"W-B-AI-A","0","0","0","0","0","0","0"
"W-AI-A-HP","0","0","0","0","0","0","0"
"Other 3 Race Combinations","0","0","0","0","0","0","0"
"Other 4 and 5 Race Combinations","662","0","0","0","0","0","662"
" -> Total -> Total Idaho","1271616","82158","16056","13238","121456","713489","325219"
"White only","1197457","80559","15359","13238","102776","686905","298620"
"Black only","6470","0","0","0","1380","1644","3446"
"American Indian, Alaskan Native Only","11987","0","0","0","0","5746","6241"
"Asian only","27245","0","697","0","15409","6083","5056"
"Hawaiian/Pacific Islander Only","3639","0","0","0","818","2821","0"
"White-Black","1640","0","0","0","0","0","1640"
"White-AI","15182","1599","0","0","0","6142","7441"
"White-Asian","3723","0","0","0","1073","1722","928"
"White-HP","3239","0","0","0","0","2426","813"
"Black-AI","0","0","0","0","0","0","0"
"Black-Asian","0","0","0","0","0","0","0"
"Black-HP","0","0","0","0","0","0","0"
"AI-Asian","0","0","0","0","0","0","0"
"AI-HP","0","0","0","0","0","0","0"
"Asian-HP","0","0","0","0","0","0","0"
"W-B-AI","0","0","0","0","0","0","0"
"W-B-A","0","0","0","0","0","0","0"
"W-B-HP","0","0","0","0","0","0","0"
"W-AI-A","0","0","0","0","0","0","0"
"W-AI-HP","1034","0","0","0","0","0","1034"
"W-A-HP","0","0","0","0","0","0","0"
"B-AI-A","0","0","0","0","0","0","0"
"W-B-AI-A","0","0","0","0","0","0","0"
"W-AI-A-HP","0","0","0","0","0","0","0"
"Other 3 Race Combinations","0","0","0","0","0","0","0"
"Other 4 and 5 Race Combinations","0","0","0","0","0","0","0"
" -> Total -> Total Illinois","10089620","897484","236718","223779","1118579","5722624","1890436"
"White only","7940184","658454","167893","132525","833920","4640272","1507120"
"Black only","1415904","171517","66124","73474","100062","773252","231475"
"American Indian, Alaskan Native Only","82817","0","0","0","10847","44447","27523"
"Asian only","546968","63488","0","17780","153680","201239","110781"
"Hawaiian/Pacific Islander Only","15545","0","0","0","3177","12368","0"
"White-Black","34048","0","0","0","10060","23988","0"
"White-AI","26105","4025","2701","0","3224","6439","9716"
"White-Asian","16990","0","0","0","0","13169","3821"
"White-HP","0","0","0","0","0","0","0"
"Black-AI","7450","0","0","0","0","7450","0"
"Black-Asian","0","0","0","0","0","0","0"
"Black-HP","0","0","0","0","0","0","0"
"AI-Asian","0","0","0","0","0","0","0"
"AI-HP","0","0","0","0","0","0","0"
"Asian-HP","3609","0","0","0","3609","0","0"
"W-B-AI","0","0","0","0","0","0","0"
"W-B-A","0","0","0","0","0","0","0"
"W-B-HP","0","0","0","0","0","0","0"
"W-AI-A","0","0","0","0","0","0","0"
"W-AI-HP","0","0","0","0","0","0","0"
"W-A-HP","0","0","0","0","0","0","0"
"B-AI-A","0","0","0","0","0","0","0"
"W-B-AI-A","0","0","0","0","0","0","0"
"W-AI-A-HP","0","0","0","0","0","0","0"
"Other 3 Race Combinations","0","0","0","0","0","0","0"
"Other 4 and 5 Race Combinations","0","0","0","0","0","0","0"
" -> Total -> Total Indiana","5171612","585069","47403","36146","372370","2798487","1332137"
"White only","4473697","470574","38613","36146","278596","2469713","1180055"
"Black only","488110","92634","8790","0","47456","228225","111005"
"American Indian, Alaskan Native Only","12646","6539","0","0","0","6107","0"
"Asian only","108956","12406","0","0","31905","47636","17009"
"Hawaiian/Pacific Islander Only","14700","0","0","0","10553","0","4147"
"White-Black","17623","2916","0","0","0","10145","4562"
"White-AI","26051","0","0","0","0","19155","6896"
"White-Asian","21328","0","0","0","0","17506","3822"
"White-HP","4641","0","0","0","0","0","4641"
"Black-AI","0","0","0","0","0","0","0"
"Black-Asian","3860","0","0","0","3860","0","0"
"Black-HP","0","0","0","0","0","0","0"
"AI-Asian","0","0","0","0","0","0","0"
"AI-HP","0","0","0","0","0","0","0"
"Asian-HP","0","0","0","0","0","0","0"
"W-B-AI","0","0","0","0","0","0","0"
"W-B-A","0","0","0","0","0","0","0"
"W-B-HP","0","0","0","0","0","0","0"
"W-AI-A","0","0","0","0","0","0","0"
"W-AI-HP","0","0","0","0","0","0","0"
"W-A-HP","0","0","0","0","0","0","0"
"B-AI-A","0","0","0","0","0","0","0"
"W-B-AI-A","0","0","0","0","0","0","0"
"W-AI-A-HP","0","0","0","0","0","0","0"
"Other 3 Race Combinations","0","0","0","0","0","0","0"
"Other 4 and 5 Race Combinations","0","0","0","0","0","0","0"
" -> Total -> Total Iowa","2459224","236902","49914","34259","168230","1453783","516136"
"White only","2259926","220219","49914","25731","101521","1392800","469741"
"Black only","75944","8641","0","2737","10307","34573","19686"
"American Indian, Alaskan Native Only","27032","1884","0","0","16532","3320","5296"
"Asian only","68024","1628","0","5791","37670","12876","10059"
"Hawaiian/Pacific Islander Only","1717","1717","0","0","0","0","0"
"White-Black","11071","2813","0","0","2200","0","6058"
"White-AI","11939","0","0","0","0","10214","1725"
"White-Asian","2045","0","0","0","0","0","2045"
"White-HP","0","0","0","0","0","0","0"
"Black-AI","0","0","0","0","0","0","0"
"Black-Asian","0","0","0","0","0","0","0"
"Black-HP","0","0","0","0","0","0","0"
"AI-Asian","0","0","0","0","0","0","0"
"AI-HP","0","0","0","0","0","0","0"
"Asian-HP","0","0","0","0","0","0","0"
"W-B-AI","1526","0","0","0","0","0","1526"
"W-B-A","0","0","0","0","0","0","0"
"W-B-HP","0","0","0","0","0","0","0"
"W-AI-A","0","0","0","0","0","0","0"
"W-AI-HP","0","0","0","0","0","0","0"
"W-A-HP","0","0","0","0","0","0","0"
"B-AI-A","0","0","0","0","0","0","0"
"W-B-AI-A","0","0","0","0","0","0","0"
"W-AI-A-HP","0","0","0","0","0","0","0"
"Other 3 Race Combinations","0","0","0","0","0","0","0"
"Other 4 and 5 Race Combinations","0","0","0","0","0","0","0"
" -> Total -> Total Kansas","2226320","161802","25507","29606","201597","1240135","567673"
"White only","1950455","133204","25507","23995","157529","1146420","463800"
"Black only","130804","21283","0","1580","8020","54440","45481"
"American Indian, Alaskan Native Only","34612","5465","0","4031","0","10774","14342"
"Asian only","59184","1850","0","0","28774","6399","22161"
"Hawaiian/Pacific Islander Only","2063","0","0","0","0","2063","0"
"White-Black","16624","0","0","0","2684","2157","11783"
"White-AI","25162","0","0","0","4590","11973","8599"
"White-Asian","4347","0","0","0","0","4347","0"
"White-HP","1562","0","0","0","0","1562","0"
"Black-AI","1507","0","0","0","0","0","1507"
"Black-Asian","0","0","0","0","0","0","0"
"Black-HP","0","0","0","0","0","0","0"
"AI-Asian","0","0","0","0","0","0","0"
"AI-HP","0","0","0","0","0","0","0"
"Asian-HP","0","0","0","0","0","0","0"
"W-B-AI","0","0","0","0","0","0","0"
"W-B-A","0","0","0","0","0","0","0"
"W-B-HP","0","0","0","0","0","0","0"
"W-AI-A","0","0","0","0","0","0","0"
"W-AI-HP","0","0","0","0","0","0","0"
"W-A-HP","0","0","0","0","0","0","0"
"B-AI-A","0","0","0","0","0","0","0"
"W-B-AI-A","0","0","0","0","0","0","0"
"W-AI-A-HP","0","0","0","0","0","0","0"
"Other 3 Race Combinations","0","0","0","0","0","0","0"
"Other 4 and 5 Race Combinations","0","0","0","0","0","0","0"
" -> Total -> Total Kentucky","3467538","275876","142529","46881","222783","1845314","934155"
"White only","3124789","253539","138049","46881","173072","1665095","848153"
"Black only","256634","18237","4480","0","26325","158996","48596"
"American Indian, Alaskan Native Only","4847","0","0","0","0","2823","2024"
"Asian only","30280","0","0","0","15961","2892","11427"
"Hawaiian/Pacific Islander Only","7425","0","0","0","7425","0","0"
"White-Black","25672","4100","0","0","0","10326","11246"
"White-AI","9827","0","0","0","0","0","9827"
"White-Asian","2882","0","0","0","0","0","2882"
"White-HP","0","0","0","0","0","0","0"
"Black-AI","0","0","0","0","0","0","0"
"Black-Asian","5182","0","0","0","0","5182","0"
"Black-HP","0","0","0","0","0","0","0"
"AI-Asian","0","0","0","0","0","0","0"
"AI-HP","0","0","0","0","0","0","0"
"Asian-HP","0","0","0","0","0","0","0"
"W-B-AI","0","0","0","0","0","0","0"
"W-B-A","0","0","0","0","0","0","0"
"W-B-HP","0","0","0","0","0","0","0"
"W-AI-A","0","0","0","0","0","0","0"
"W-AI-HP","0","0","0","0","0","0","0"
"W-A-HP","0","0","0","0","0","0","0"
"B-AI-A","0","0","0","0","0","0","0"
"W-B-AI-A","0","0","0","0","0","0","0"
"W-AI-A-HP","0","0","0","0","0","0","0"
"Other 3 Race Combinations","0","0","0","0","0","0","0"
"Other 4 and 5 Race Combinations","0","0","0","0","0","0","0"
" -> Total -> Total Louisiana","3606320","348663","44964","58986","257127","2060516","836064"
"White only","2338558","223475","28490","32442","148667","1363345","542139"
"Black only","1109324","110642","12158","25004","56467","644850","260203"
"American Indian, Alaskan Native Only","13277","1899","0","0","0","6891","4487"
"Asian only","106136","12647","4316","1540","41743","22609","23281"
"Hawaiian/Pacific Islander Only","6700","0","0","0","6700","0","0"
"White-Black","11867","0","0","0","2030","9837","0"
"White-AI","11875","0","0","0","1520","7765","2590"
"White-Asian","2038","0","0","0","0","0","2038"
"White-HP","0","0","0","0","0","0","0"
"Black-AI","5219","0","0","0","0","5219","0"
"Black-Asian","0","0","0","0","0","0","0"
"Black-HP","0","0","0","0","0","0","0"
"AI-Asian","0","0","0","0","0","0","0"
"AI-HP","0","0","0","0","0","0","0"
"Asian-HP","0","0","0","0","0","0","0"
"W-B-AI","1326","0","0","0","0","0","1326"
"W-B-A","0","0","0","0","0","0","0"
"W-B-HP","0","0","0","0","0","0","0"
"W-AI-A","0","0","0","0","0","0","0"
"W-AI-HP","0","0","0","0","0","0","0"
"W-A-HP","0","0","0","0","0","0","0"
"B-AI-A","0","0","0","0","0","0","0"
"W-B-AI-A","0","0","0","0","0","0","0"
"W-AI-A-HP","0","0","0","0","0","0","0"
"Other 3 Race Combinations","0","0","0","0","0","0","0"
"Other 4 and 5 Race Combinations","0","0","0","0","0","0","0"
" -> Total -> Total Maine","1095184","46096","18923","14019","57078","754662","204406"
"White only","1034512","44752","18923","14019","46074","720524","190220"
"Black only","13425","0","0","0","3373","7011","3041"
"American Indian, Alaskan Native Only","3964","0","0","0","0","3964","0"
"Asian only","12428","0","0","0","4671","4589","3168"
"Hawaiian/Pacific Islander Only","1305","0","0","0","0","1305","0"
"White-Black","3385","0","0","0","1500","0","1885"
"White-AI","21614","1344","0","0","0","15968","4302"
"White-Asian","1301","0","0","0","0","1301","0"
"White-HP","0","0","0","0","0","0","0"
"Black-AI","0","0","0","0","0","0","0"
"Black-Asian","0","0","0","0","0","0","0"
"Black-HP","3250","0","0","0","1460","0","1790"
"AI-Asian","0","0","0","0","0","0","0"
"AI-HP","0","0","0","0","0","0","0"
"Asian-HP","0","0","0","0","0","0","0"
"W-B-AI","0","0","0","0","0","0","0"
"W-B-A","0","0","0","0","0","0","0"
"W-B-HP","0","0","0","0","0","0","0"
"W-AI-A","0","0","0","0","0","0","0"
"W-AI-HP","0","0","0","0","0","0","0"
"W-A-HP","0","0","0","0","0","0","0"
"B-AI-A","0","0","0","0","0","0","0"
"W-B-AI-A","0","0","0","0","0","0","0"
"W-AI-A-HP","0","0","0","0","0","0","0"
"Other 3 Race Combinations","0","0","0","0","0","0","0"
"Other 4 and 5 Race Combinations","0","0","0","0","0","0","0"
" -> Total -> Total Maryland","4760176","474046","57929","48735","602894","2736844","839728"
"White only","2840282","313794","36880","19503","246793","1728164","495148"
"Black only","1434020","147212","21049","18705","145712","857916","243426"
"American Indian, Alaskan Native Only","36193","0","0","0","23099","3156","9938"
"Asian only","361771","7419","0","10527","149782","115781","78262"
"Hawaiian/Pacific Islander Only","28827","0","0","0","18875","3206","6746"
"White-Black","46358","5621","0","0","18633","22104","0"
"White-AI","5741","0","0","0","0","2609","3132"
"White-Asian","0","0","0","0","0","0","0"
"White-HP","0","0","0","0","0","0","0"
"Black-AI","3908","0","0","0","0","3908","0"
"Black-Asian","0","0","0","0","0","0","0"
"Black-HP","0","0","0","0","0","0","0"
"AI-Asian","0","0","0","0","0","0","0"
"AI-HP","0","0","0","0","0","0","0"
"Asian-HP","0","0","0","0","0","0","0"
"W-B-AI","3076","0","0","0","0","0","3076"
"W-B-A","0","0","0","0","0","0","0"
"W-B-HP","0","0","0","0","0","0","0"
"W-AI-A","0","0","0","0","0","0","0"
"W-AI-HP","0","0","0","0","0","0","0"
"W-A-HP","0","0","0","0","0","0","0"
"B-AI-A","0","0","0","0","0","0","0"
"W-B-AI-A","0","0","0","0","0","0","0"
"W-AI-A-HP","0","0","0","0","0","0","0"
"Other 3 Race Combinations","0","0","0","0","0","0","0"
"Other 4 and 5 Race Combinations","0","0","0","0","0","0","0"
" -> Total -> Total Massachusetts","5565183","516262","128606","100457","594889","3316457","908512"
"White only","4616370","451901","96352","89141","354712","2921724","702540"
"Black only","449060","25876","32254","6330","80933","241185","62482"
"American Indian, Alaskan Native Only","9384","0","0","0","4984","2302","2098"
"Asian only","366652","27238","0","4986","127950","120206","86272"
"Hawaiian/Pacific Islander Only","0","0","0","0","0","0","0"
"White-Black","89907","3264","0","0","26310","18568","41765"
"White-AI","17958","0","0","0","0","7561","10397"
"White-Asian","15852","7983","0","0","0","4911","2958"
"White-HP","0","0","0","0","0","0","0"
"Black-AI","0","0","0","0","0","0","0"
"Black-Asian","0","0","0","0","0","0","0"
"Black-HP","0","0","0","0","0","0","0"
"AI-Asian","0","0","0","0","0","0","0"
"AI-HP","0","0","0","0","0","0","0"
"Asian-HP","0","0","0","0","0","0","0"
"W-B-AI","0","0","0","0","0","0","0"
"W-B-A","0","0","0","0","0","0","0"
"W-B-HP","0","0","0","0","0","0","0"
"W-AI-A","0","0","0","0","0","0","0"
"W-AI-HP","0","0","0","0","0","0","0"
"W-A-HP","0","0","0","0","0","0","0"
"B-AI-A","0","0","0","0","0","0","0"
"W-B-AI-A","0","0","0","0","0","0","0"
"W-AI-A-HP","0","0","0","0","0","0","0"
"Other 3 Race Combinations","0","0","0","0","0","0","0"
"Other 4 and 5 Race Combinations","0","0","0","0","0","0","0"
" -> Total -> Total Michigan","7917304","813923","160355","121678","584452","4709059","1527837"
"White only","6513190","641185","109434","81015","441167","3981565","1258824"
"Black only","1061412","162110","47035","13751","43721","620198","174597"
"American Indian, Alaskan Native Only","32899","0","0","0","0","6539","26360"
"Asian only","186143","5389","0","9927","78328","58648","33851"
"Hawaiian/Pacific Islander Only","2142","0","0","0","0","2142","0"
"White-Black","66384","0","3886","11316","12913","17179","21090"
"White-AI","34928","0","0","5669","0","16144","13115"
"White-Asian","4906","0","0","0","4906","0","0"
"White-HP","4038","0","0","0","0","4038","0"
"Black-AI","6023","0","0","0","3417","2606","0"
"Black-Asian","0","0","0","0","0","0","0"
"Black-HP","0","0","0","0","0","0","0"
"AI-Asian","0","0","0","0","0","0","0"
"AI-HP","0","0","0","0","0","0","0"
"Asian-HP","0","0","0","0","0","0","0"
"W-B-AI","0","0","0","0","0","0","0"
"W-B-A","5239","5239","0","0","0","0","0"
"W-B-HP","0","0","0","0","0","0","0"
"W-AI-A","0","0","0","0","0","0","0"
"W-AI-HP","0","0","0","0","0","0","0"
"W-A-HP","0","0","0","0","0","0","0"
"B-AI-A","0","0","0","0","0","0","0"
"W-B-AI-A","0","0","0","0","0","0","0"
"W-AI-A-HP","0","0","0","0","0","0","0"
"Other 3 Race Combinations","0","0","0","0","0","0","0"
"Other 4 and 5 Race Combinations","0","0","0","0","0","0","0"
" -> Total -> Total Minnesota","4332812","415902","36803","47305","346264","2731896","754642"
"White only","3730878","367585","36803","43764","226887","2448584","607255"
"Black only","207677","21034","0","3541","35773","113905","33424"
"American Indian, Alaskan Native Only","130870","10733","0","0","21715","63806","34616"
"Asian only","174253","7464","0","0","49673","63718","53398"
"Hawaiian/Pacific Islander Only","13986","0","0","0","3845","0","10141"
"White-Black","4198","0","0","0","0","4198","0"
"White-AI","38336","3277","0","0","3516","15735","15808"
"White-Asian","18950","5809","0","0","0","13141","0"
"White-HP","0","0","0","0","0","0","0"
"Black-AI","3233","0","0","0","0","3233","0"
"Black-Asian","0","0","0","0","0","0","0"
"Black-HP","0","0","0","0","0","0","0"
"AI-Asian","10431","0","0","0","4855","5576","0"
"AI-HP","0","0","0","0","0","0","0"
"Asian-HP","0","0","0","0","0","0","0"
"W-B-AI","0","0","0","0","0","0","0"
"W-B-A","0","0","0","0","0","0","0"
"W-B-HP","0","0","0","0","0","0","0"
"W-AI-A","0","0","0","0","0","0","0"
"W-AI-HP","0","0","0","0","0","0","0"
"W-A-HP","0","0","0","0","0","0","0"
"B-AI-A","0","0","0","0","0","0","0"
"W-B-AI-A","0","0","0","0","0","0","0"
"W-AI-A-HP","0","0","0","0","0","0","0"
"Other 3 Race Combinations","0","0","0","0","0","0","0"
"Other 4 and 5 Race Combinations","0","0","0","0","0","0","0"
" -> Total -> Total Mississippi","2293728","122665","10140","24739","123560","1470356","542268"
"White only","1424890","82378","5653","8020","70984","917721","340134"
"Black only","820644","39224","3335","16719","42694","537884","180788"
"American Indian, Alaskan Native Only","6917","0","0","0","1907","0","5010"
"Asian only","17468","0","1152","0","4104","6417","5795"
"Hawaiian/Pacific Islander Only","1191","0","0","0","0","1191","0"
"White-Black","9101","0","0","0","2445","4823","1833"
"White-AI","6969","1063","0","0","1426","0","4480"
"White-Asian","4228","0","0","0","0","0","4228"
"White-HP","0","0","0","0","0","0","0"
"Black-AI","0","0","0","0","0","0","0"
"Black-Asian","0","0","0","0","0","0","0"
"Black-HP","2320","0","0","0","0","2320","0"
"AI-Asian","0","0","0","0","0","0","0"
"AI-HP","0","0","0","0","0","0","0"
"Asian-HP","0","0","0","0","0","0","0"
"W-B-AI","0","0","0","0","0","0","0"
"W-B-A","0","0","0","0","0","0","0"
"W-B-HP","0","0","0","0","0","0","0"
"W-AI-A","0","0","0","0","0","0","0"
"W-AI-HP","0","0","0","0","0","0","0"
"W-A-HP","0","0","0","0","0","0","0"
"B-AI-A","0","0","0","0","0","0","0"
"W-B-AI-A","0","0","0","0","0","0","0"
"W-AI-A-HP","0","0","0","0","0","0","0"
"Other 3 Race Combinations","0","0","0","0","0","0","0"
"Other 4 and 5 Race Combinations","0","0","0","0","0","0","0"
" -> Total -> Total Missouri","4786978","376003","83065","30615","300334","2902726","1094235"
"White only","4063619","350216","52706","15631","204078","2526681","914307"
"Black only","528794","20624","24065","14984","37985","324157","106979"
"American Indian, Alaskan Native Only","19484","0","0","0","0","4456","15028"
"Asian only","76846","0","6294","0","42960","20948","6644"
"Hawaiian/Pacific Islander Only","2960","0","0","0","0","0","2960"
"White-Black","24963","0","0","0","3760","5687","15516"
"White-AI","43280","5163","0","0","11551","2815","23751"
"White-Asian","0","0","0","0","0","0","0"
"White-HP","6265","0","0","0","0","0","6265"
"Black-AI","16702","0","0","0","0","13917","2785"
"Black-Asian","4065","0","0","0","0","4065","0"
"Black-HP","0","0","0","0","0","0","0"
"AI-Asian","0","0","0","0","0","0","0"
"AI-HP","0","0","0","0","0","0","0"
"Asian-HP","0","0","0","0","0","0","0"
"W-B-AI","0","0","0","0","0","0","0"
"W-B-A","0","0","0","0","0","0","0"
"W-B-HP","0","0","0","0","0","0","0"
"W-AI-A","0","0","0","0","0","0","0"
"W-AI-HP","0","0","0","0","0","0","0"
"W-A-HP","0","0","0","0","0","0","0"
"B-AI-A","0","0","0","0","0","0","0"
"W-B-AI-A","0","0","0","0","0","0","0"
"W-AI-A-HP","0","0","0","0","0","0","0"
"Other 3 Race Combinations","0","0","0","0","0","0","0"
"Other 4 and 5 Race Combinations","0","0","0","0","0","0","0"
" -> Total -> Total Montana","826260","61733","6690","14287","36117","520834","186599"
"White only","761731","58476","5847","11086","27456","492073","166793"
"Black only","5138","0","0","0","2311","1988","839"
"American Indian, Alaskan Native Only","30788","2384","378","2257","2037","12066","11666"
"Asian only","7120","392","0","363","1738","2185","2442"
"Hawaiian/Pacific Islander Only","2036","0","0","0","0","1002","1034"
"White-Black","1396","0","0","0","0","1396","0"
"White-AI","13537","481","465","0","1942","7578","3071"
"White-Asian","1251","0","0","0","633","618","0"
"White-HP","1346","0","0","0","0","1346","0"
"Black-AI","581","0","0","581","0","0","0"
"Black-Asian","0","0","0","0","0","0","0"
"Black-HP","0","0","0","0","0","0","0"
"AI-Asian","0","0","0","0","0","0","0"
"AI-HP","0","0","0","0","0","0","0"
"Asian-HP","0","0","0","0","0","0","0"
"W-B-AI","582","0","0","0","0","582","0"
"W-B-A","0","0","0","0","0","0","0"
"W-B-HP","0","0","0","0","0","0","0"
"W-AI-A","754","0","0","0","0","0","754"
"W-AI-HP","0","0","0","0","0","0","0"
"W-A-HP","0","0","0","0","0","0","0"
"B-AI-A","0","0","0","0","0","0","0"
"W-B-AI-A","0","0","0","0","0","0","0"
"W-AI-A-HP","0","0","0","0","0","0","0"
"Other 3 Race Combinations","0","0","0","0","0","0","0"
"Other 4 and 5 Race Combinations","0","0","0","0","0","0","0"
" -> Total -> Total Nebraska","1463197","115723","9920","18129","126864","891790","300771"
"White only","1291824","102805","7616","12501","92139","835409","241354"
"Black only","64601","0","937","2107","11471","30273","19813"
"American Indian, Alaskan Native Only","40556","5296","1367","0","6891","12382","14620"
"Asian only","36739","3160","0","969","13343","6790","12477"
"Hawaiian/Pacific Islander Only","0","0","0","0","0","0","0"
"White-Black","7327","0","0","1480","1032","1563","3252"
"White-AI","22150","4462","0","1072","1988","5373","9255"
"White-Asian","0","0","0","0","0","0","0"
"White-HP","0","0","0","0","0","0","0"
"Black-AI","0","0","0","0","0","0","0"
"Black-Asian","0","0","0","0","0","0","0"
"Black-HP","0","0","0","0","0","0","0"
"AI-Asian","0","0","0","0","0","0","0"
"AI-HP","0","0","0","0","0","0","0"
"Asian-HP","0","0","0","0","0","0","0"
"W-B-AI","0","0","0","0","0","0","0"
"W-B-A","0","0","0","0","0","0","0"
"W-B-HP","0","0","0","0","0","0","0"
"W-AI-A","0","0","0","0","0","0","0"
"W-AI-HP","0","0","0","0","0","0","0"
"W-A-HP","0","0","0","0","0","0","0"
"B-AI-A","0","0","0","0","0","0","0"
"W-B-AI-A","0","0","0","0","0","0","0"
"W-AI-A-HP","0","0","0","0","0","0","0"
"Other 3 Race Combinations","0","0","0","0","0","0","0"
"Other 4 and 5 Race Combinations","0","0","0","0","0","0","0"
" -> Total -> Total Nevada","2314772","204392","22439","21828","339851","1194116","532146"
"White only","1792804","160989","11423","18668","256234","947679","397811"
"Black only","196641","16373","4672","0","26352","110731","38513"
"American Indian, Alaskan Native Only","37890","2443","0","0","15782","16983","2682"
"Asian only","199175","20915","6344","3160","37075","71657","60024"
"Hawaiian/Pacific Islander Only","29146","3672","0","0","1069","8216","16189"
"White-Black","14038","0","0","0","0","11515","2523"
"White-AI","16634","0","0","0","0","13798","2836"
"White-Asian","12348","0","0","0","0","2317","10031"
"White-HP","1455","0","0","0","0","1455","0"
"Black-AI","6521","0","0","0","0","6521","0"
"Black-Asian","0","0","0","0","0","0","0"
"Black-HP","4876","0","0","0","3339","0","1537"
"AI-Asian","0","0","0","0","0","0","0"
"AI-HP","0","0","0","0","0","0","0"
"Asian-HP","3244","0","0","0","0","3244","0"
"W-B-AI","0","0","0","0","0","0","0"
"W-B-A","0","0","0","0","0","0","0"
"W-B-HP","0","0","0","0","0","0","0"
"W-AI-A","0","0","0","0","0","0","0"
"W-AI-HP","0","0","0","0","0","0","0"
"W-A-HP","0","0","0","0","0","0","0"
"B-AI-A","0","0","0","0","0","0","0"
"W-B-AI-A","0","0","0","0","0","0","0"
"W-AI-A-HP","0","0","0","0","0","0","0"
"Other 3 Race Combinations","0","0","0","0","0","0","0"
"Other 4 and 5 Race Combinations","0","0","0","0","0","0","0"
" -> Total -> Total New Hampshire","1091478","114112","6546","14444","78361","699250","178765"
"White only","1031247","105389","6546","14444","57225","678836","168807"
"Black only","12081","1851","0","0","3199","5018","2013"
"American Indian, Alaskan Native Only","2584","1272","0","0","0","1312","0"
"Asian only","26643","2543","0","0","10692","9395","4013"
"Hawaiian/Pacific Islander Only","3450","0","0","0","2494","956","0"
"White-Black","2447","0","0","0","1145","0","1302"
"White-AI","5137","3057","0","0","0","2080","0"
"White-Asian","1645","0","0","0","1645","0","0"
"White-HP","0","0","0","0","0","0","0"
"Black-AI","0","0","0","0","0","0","0"
"Black-Asian","0","0","0","0","0","0","0"
"Black-HP","0","0","0","0","0","0","0"
"AI-Asian","0","0","0","0","0","0","0"
"AI-HP","0","0","0","0","0","0","0"
"Asian-HP","0","0","0","0","0","0","0"
"W-B-AI","4591","0","0","0","1961","0","2630"
"W-B-A","0","0","0","0","0","0","0"
"W-B-HP","0","0","0","0","0","0","0"
"W-AI-A","1653","0","0","0","0","1653","0"
"W-AI-HP","0","0","0","0","0","0","0"
"W-A-HP","0","0","0","0","0","0","0"
"B-AI-A","0","0","0","0","0","0","0"
"W-B-AI-A","0","0","0","0","0","0","0"
"W-AI-A-HP","0","0","0","0","0","0","0"
"Other 3 Race Combinations","0","0","0","0","0","0","0"
"Other 4 and 5 Race Combinations","0","0","0","0","0","0","0"
" -> Total -> Total New Jersey","7152328","804455","142742","105008","1192543","3667688","1239892"
"White only","5445271","573466","114290","61995","776145","2961913","957462"
"Black only","1012651","153229","7470","25086","198408","470222","158236"
"American Indian, Alaskan Native Only","4557","0","0","0","0","0","4557"
"Asian only","601691","71823","11390","8576","201917","211208","96777"
"Hawaiian/Pacific Islander Only","35688","0","9592","5478","3931","3318","13369"
"White-Black","13116","4062","0","0","9054","0","0"
"White-AI","6602","0","0","3873","0","2729","0"
"White-Asian","23824","0","0","0","0","18298","5526"
"White-HP","0","0","0","0","0","0","0"
"Black-AI","5840","1875","0","0","0","0","3965"
"Black-Asian","0","0","0","0","0","0","0"
"Black-HP","0","0","0","0","0","0","0"
"AI-Asian","0","0","0","0","0","0","0"
"AI-HP","0","0","0","0","0","0","0"
"Asian-HP","3088","0","0","0","3088","0","0"
"W-B-AI","0","0","0","0","0","0","0"
"W-B-A","0","0","0","0","0","0","0"
"W-B-HP","0","0","0","0","0","0","0"
"W-AI-A","0","0","0","0","0","0","0"
"W-AI-HP","0","0","0","0","0","0","0"
"W-A-HP","0","0","0","0","0","0","0"
"B-AI-A","0","0","0","0","0","0","0"
"W-B-AI-A","0","0","0","0","0","0","0"
"W-AI-A-HP","0","0","0","0","0","0","0"
"Other 3 Race Combinations","0","0","0","0","0","0","0"
"Other 4 and 5 Race Combinations","0","0","0","0","0","0","0"
" -> Total -> Total New Mexico","1612677","107074","16147","32540","217228","764163","475525"
"White only","1220920","76512","13725","16246","167651","619483","327303"
"Black only","41813","4291","0","0","2202","21557","13763"
"American Indian, Alaskan Native Only","280570","18330","2422","14620","30179","92324","122695"
"Asian only","32909","7941","0","0","5645","13891","5432"
"Hawaiian/Pacific Islander Only","1950","0","0","1042","0","908","0"
"White-Black","10030","0","0","0","1950","4622","3458"
"White-AI","13354","0","0","632","3900","7832","990"
"White-Asian","1991","0","0","0","0","1004","987"
"White-HP","0","0","0","0","0","0","0"
"Black-AI","897","0","0","0","0","0","897"
"Black-Asian","798","0","0","0","0","798","0"
"Black-HP","0","0","0","0","0","0","0"
"AI-Asian","0","0","0","0","0","0","0"
"AI-HP","0","0","0","0","0","0","0"
"Asian-HP","0","0","0","0","0","0","0"
"W-B-AI","5811","0","0","0","4775","1036","0"
"W-B-A","0","0","0","0","0","0","0"
"W-B-HP","0","0","0","0","0","0","0"
"W-AI-A","0","0","0","0","0","0","0"
"W-AI-HP","0","0","0","0","0","0","0"
"W-A-HP","1634","0","0","0","926","708","0"
"B-AI-A","0","0","0","0","0","0","0"
"W-B-AI-A","0","0","0","0","0","0","0"
"W-AI-A-HP","0","0","0","0","0","0","0"
"Other 3 Race Combinations","0","0","0","0","0","0","0"
"Other 4 and 5 Race Combinations","0","0","0","0","0","0","0"
" -> Total -> Total New York","15960693","1871962","283877","372371","2209259","7859473","3363751"
"White only","11436977","1361476","204215","261733","1280114","6037445","2291994"
"Black only","2685940","300048","56431","59954","364222","1352038","553247"
"American Indian, Alaskan Native Only","130125","6668","0","0","29281","49272","44904"
"Asian only","1568694","194801","15324","44430","509075","366408","438656"
"Hawaiian/Pacific Islander Only","0","0","0","0","0","0","0"
"White-Black","42282","0","5589","6254","16986","9103","4350"
"White-AI","43238","5644","2318","0","0","27127","8149"
"White-Asian","3395","0","0","0","0","3395","0"
"White-HP","0","0","0","0","0","0","0"
"Black-AI","24899","0","0","0","4502","4035","16362"
"Black-Asian","10650","0","0","0","0","10650","0"
"Black-HP","0","0","0","0","0","0","0"
"AI-Asian","0","0","0","0","0","0","0"
"AI-HP","0","0","0","0","0","0","0"
"Asian-HP","0","0","0","0","0","0","0"
"W-B-AI","14493","3325","0","0","5079","0","6089"
"W-B-A","0","0","0","0","0","0","0"
"W-B-HP","0","0","0","0","0","0","0"
"W-AI-A","0","0","0","0","0","0","0"
"W-AI-HP","0","0","0","0","0","0","0"
"W-A-HP","0","0","0","0","0","0","0"
"B-AI-A","0","0","0","0","0","0","0"
"W-B-AI-A","0","0","0","0","0","0","0"
"W-AI-A-HP","0","0","0","0","0","0","0"
"Other 3 Race Combinations","0","0","0","0","0","0","0"
"Other 4 and 5 Race Combinations","0","0","0","0","0","0","0"
" -> Total -> Total North Carolina","7930462","785613","97707","87937","969514","4697407","1292284"
"White only","5648427","511308","57249","61890","652206","3407986","957788"
"Black only","1714532","206913","26229","18111","130426","1094939","237914"
"American Indian, Alaskan Native Only","109236","37756","0","5044","33339","20443","12654"
"Asian only","340733","12964","6702","2892","129523","123701","64951"
"Hawaiian/Pacific Islander Only","17745","0","0","0","11166","6579","0"
"White-Black","43103","0","0","0","12854","25993","4256"
"White-AI","30521","6905","2991","0","0","11621","9004"
"White-Asian","5717","0","0","0","0","0","5717"
"White-HP","0","0","0","0","0","0","0"
"Black-AI","12733","9767","0","0","0","2966","0"
"Black-Asian","0","0","0","0","0","0","0"
"Black-HP","0","0","0","0","0","0","0"
"AI-Asian","0","0","0","0","0","0","0"
"AI-HP","0","0","0","0","0","0","0"
"Asian-HP","0","0","0","0","0","0","0"
"W-B-AI","4536","0","4536","0","0","0","0"
"W-B-A","0","0","0","0","0","0","0"
"W-B-HP","3179","0","0","0","0","3179","0"
"W-AI-A","0","0","0","0","0","0","0"
"W-AI-HP","0","0","0","0","0","0","0"
"W-A-HP","0","0","0","0","0","0","0"
"B-AI-A","0","0","0","0","0","0","0"
"W-B-AI-A","0","0","0","0","0","0","0"
"W-AI-A-HP","0","0","0","0","0","0","0"
"Other 3 Race Combinations","0","0","0","0","0","0","0"
"Other 4 and 5 Race Combinations","0","0","0","0","0","0","0"
" -> Total -> Total North Dakota","601429","39139","7263","6223","37388","361436","149980"
"White only","533697","35418","5042","4376","19588","347825","121448"
"Black only","15392","1132","0","379","6353","2970","4558"
"American Indian, Alaskan Native Only","31330","2137","2221","0","2624","6722","17626"
"Asian only","10867","452","0","0","7733","1567","1115"
"Hawaiian/Pacific Islander Only","1041","0","0","0","0","0","1041"
"White-Black","729","0","0","729","0","0","0"
"White-AI","7040","0","0","739","666","1889","3746"
"White-Asian","1333","0","0","0","424","463","446"
"White-HP","0","0","0","0","0","0","0"
"Black-AI","0","0","0","0","0","0","0"
"Black-Asian","0","0","0","0","0","0","0"
"Black-HP","0","0","0","0","0","0","0"
"AI-Asian","0","0","0","0","0","0","0"
"AI-HP","0","0","0","0","0","0","0"
"Asian-HP","0","0","0","0","0","0","0"
"W-B-AI","0","0","0","0","0","0","0"
"W-B-A","0","0","0","0","0","0","0"
"W-B-HP","0","0","0","0","0","0","0"
"W-AI-A","0","0","0","0","0","0","0"
"W-AI-HP","0","0","0","0","0","0","0"
"W-A-HP","0","0","0","0","0","0","0"
"B-AI-A","0","0","0","0","0","0","0"
"W-B-AI-A","0","0","0","0","0","0","0"
"W-AI-A-HP","0","0","0","0","0","0","0"
"Other 3 Race Combinations","0","0","0","0","0","0","0"
"Other 4 and 5 Race Combinations","0","0","0","0","0","0","0"
" -> Total -> Total Ohio","9185337","601210","150702","174067","683208","5416115","2160035"
"White only","7625501","465432","137245","122173","394908","4649726","1856017"
"Black only","1092969","92653","13457","39129","118469","636582","192679"
"American Indian, Alaskan Native Only","28578","0","0","0","0","20117","8461"
"Asian only","258283","18515","0","7618","140238","55455","36457"
"Hawaiian/Pacific Islander Only","0","0","0","0","0","0","0"
"White-Black","100438","20601","0","0","19702","22550","37585"
"White-AI","48698","4009","0","5147","9891","18542","11109"
"White-Asian","11373","0","0","0","0","5404","5969"
"White-HP","4696","0","0","0","0","4696","0"
"Black-AI","5270","0","0","0","0","0","5270"
"Black-Asian","0","0","0","0","0","0","0"
"Black-HP","0","0","0","0","0","0","0"
"AI-Asian","0","0","0","0","0","0","0"
"AI-HP","0","0","0","0","0","0","0"
"Asian-HP","0","0","0","0","0","0","0"
"W-B-AI","9531","0","0","0","0","3043","6488"
"W-B-A","0","0","0","0","0","0","0"
"W-B-HP","0","0","0","0","0","0","0"
"W-AI-A","0","0","0","0","0","0","0"
"W-AI-HP","0","0","0","0","0","0","0"
"W-A-HP","0","0","0","0","0","0","0"
"B-AI-A","0","0","0","0","0","0","0"
"W-B-AI-A","0","0","0","0","0","0","0"
"W-AI-A-HP","0","0","0","0","0","0","0"
"Other 3 Race Combinations","0","0","0","0","0","0","0"
"Other 4 and 5 Race Combinations","0","0","0","0","0","0","0"
" -> Total -> Total Oklahoma","3018417","265837","30094","18350","274516","1552675","876945"
"White only","2366387","219460","19680","13976","208520","1262963","641788"
"Black only","199615","11151","5110","4374","21588","102368","55024"
"American Indian, Alaskan Native Only","265703","20278","3201","0","14162","121958","106104"
"Asian only","83387","9710","0","0","27687","27417","18573"
"Hawaiian/Pacific Islander Only","2826","0","0","0","0","0","2826"
"White-Black","6602","0","0","0","0","0","6602"
"White-AI","81326","5238","2103","0","2559","31175","40251"
"White-Asian","0","0","0","0","0","0","0"
"White-HP","0","0","0","0","0","0","0"
"Black-AI","0","0","0","0","0","0","0"
"Black-Asian","3238","0","0","0","0","0","3238"
"Black-HP","0","0","0","0","0","0","0"
"AI-Asian","2539","0","0","0","0","0","2539"
"AI-HP","0","0","0","0","0","0","0"
"Asian-HP","0","0","0","0","0","0","0"
"W-B-AI","6794","0","0","0","0","6794","0"
"W-B-A","0","0","0","0","0","0","0"
"W-B-HP","0","0","0","0","0","0","0"
"W-AI-A","0","0","0","0","0","0","0"
"W-AI-HP","0","0","0","0","0","0","0"
"W-A-HP","0","0","0","0","0","0","0"
"B-AI-A","0","0","0","0","0","0","0"
"W-B-AI-A","0","0","0","0","0","0","0"
"W-AI-A-HP","0","0","0","0","0","0","0"
"Other 3 Race Combinations","0","0","0","0","0","0","0"
"Other 4 and 5 Race Combinations","0","0","0","0","0","0","0"
" -> Total -> Total Oregon","3292363","379664","62181","29755","364331","1941009","515423"
"White only","2889963","332257","55871","26341","245815","1789204","440475"
"Black only","64132","5434","0","1337","23449","23606","10306"
"American Indian, Alaskan Native Only","34037","12239","0","0","2530","5048","14220"
"Asian only","152125","16626","1990","2077","59517","46846","25069"
"Hawaiian/Pacific Islander Only","39521","0","2458","0","16898","13947","6218"
"White-Black","13258","0","0","0","3897","3614","5747"
"White-AI","51558","8705","1862","0","5443","30539","5009"
"White-Asian","21970","0","0","0","2936","15962","3072"
"White-HP","5918","0","0","0","0","2230","3688"
"Black-AI","0","0","0","0","0","0","0"
"Black-Asian","2502","0","0","0","0","2502","0"
"Black-HP","0","0","0","0","0","0","0"
"AI-Asian","1619","0","0","0","0","0","1619"
"AI-HP","0","0","0","0","0","0","0"
"Asian-HP","0","0","0","0","0","0","0"
"W-B-AI","13210","4403","0","0","3846","4961","0"
"W-B-A","0","0","0","0","0","0","0"
"W-B-HP","2550","0","0","0","0","2550","0"
"W-AI-A","0","0","0","0","0","0","0"
"W-AI-HP","0","0","0","0","0","0","0"
"W-A-HP","0","0","0","0","0","0","0"
"B-AI-A","0","0","0","0","0","0","0"
"W-B-AI-A","0","0","0","0","0","0","0"
"W-AI-A-HP","0","0","0","0","0","0","0"
"Other 3 Race Combinations","0","0","0","0","0","0","0"
"Other 4 and 5 Race Combinations","0","0","0","0","0","0","0"
" -> Total -> Total Pennsylvania","10290293","903385","50539","114717","692656","6012432","2516564"
"White only","8684369","728985","43339","75866","479998","5156613","2199568"
"Black only","1110273","120022","7200","34790","104668","635949","207644"
"American Indian, Alaskan Native Only","35258","0","0","0","0","15994","19264"
"Asian only","322313","27985","0","4061","98326","135204","56737"
"Hawaiian/Pacific Islander Only","7708","0","0","0","3872","0","3836"
"White-Black","38408","0","0","0","0","24997","13411"
"White-AI","28065","13536","0","0","0","3911","10618"
"White-Asian","14634","0","0","0","0","9148","5486"
"White-HP","0","0","0","0","0","0","0"
"Black-AI","22044","0","0","0","0","22044","0"
"Black-Asian","0","0","0","0","0","0","0"
"Black-HP","12678","4106","0","0","0","8572","0"
"AI-Asian","0","0","0","0","0","0","0"
"AI-HP","0","0","0","0","0","0","0"
"Asian-HP","0","0","0","0","0","0","0"
"W-B-AI","14543","8751","0","0","5792","0","0"
"W-B-A","0","0","0","0","0","0","0"
"W-B-HP","0","0","0","0","0","0","0"
"W-AI-A","0","0","0","0","0","0","0"
"W-AI-HP","0","0","0","0","0","0","0"
"W-A-HP","0","0","0","0","0","0","0"
"B-AI-A","0","0","0","0","0","0","0"
"W-B-AI-A","0","0","0","0","0","0","0"
"W-AI-A-HP","0","0","0","0","0","0","0"
"Other 3 Race Combinations","0","0","0","0","0","0","0"
"Other 4 and 5 Race Combinations","0","0","0","0","0","0","0"
" -> Total -> Total Rhode Island","860464","85677","25290","10954","94340","465115","179088"
"White only","719194","72875","24733","10954","55294","403863","151475"
"Black only","64426","4381","0","0","6655","34470","18920"
"American Indian, Alaskan Native Only","24289","2117","0","0","9594","8314","4264"
"Asian only","37936","5198","0","0","21902","8660","2176"
"Hawaiian/Pacific Islander Only","4804","0","0","0","0","4804","0"
"White-Black","5467","0","0","0","895","2876","1696"
"White-AI","0","0","0","0","0","0","0"
"White-Asian","2212","1106","0","0","0","1106","0"
"White-HP","0","0","0","0","0","0","0"
"Black-AI","1022","0","0","0","0","1022","0"
"Black-Asian","0","0","0","0","0","0","0"
"Black-HP","0","0","0","0","0","0","0"
"AI-Asian","0","0","0","0","0","0","0"
"AI-HP","0","0","0","0","0","0","0"
"Asian-HP","0","0","0","0","0","0","0"
"W-B-AI","1114","0","557","0","0","0","557"
"W-B-A","0","0","0","0","0","0","0"
"W-B-HP","0","0","0","0","0","0","0"
"W-AI-A","0","0","0","0","0","0","0"
"W-AI-HP","0","0","0","0","0","0","0"
"W-A-HP","0","0","0","0","0","0","0"
"B-AI-A","0","0","0","0","0","0","0"
"W-B-AI-A","0","0","0","0","0","0","0"
"W-AI-A-HP","0","0","0","0","0","0","0"
"Other 3 Race Combinations","0","0","0","0","0","0","0"
"Other 4 and 5 Race Combinations","0","0","0","0","0","0","0"
" -> Total -> Total South Carolina","3901343","349100","51878","71932","306037","2230901","891495"
"White only","2731725","242259","31457","50682","219283","1525042","663002"
"Black only","1024498","103979","16151","18215","58724","630242","197187"
"American Indian, Alaskan Native Only","28545","0","0","0","3487","21369","3689"
"Asian only","66215","0","0","0","18868","28725","18622"
"Hawaiian/Pacific Islander Only","4270","0","4270","0","0","0","0"
"White-Black","16548","2862","0","3035","0","7115","3536"
"White-AI","24610","0","0","0","5675","13476","5459"
"White-Asian","0","0","0","0","0","0","0"
"White-HP","0","0","0","0","0","0","0"
"Black-AI","0","0","0","0","0","0","0"
"Black-Asian","0","0","0","0","0","0","0"
"Black-HP","0","0","0","0","0","0","0"
"AI-Asian","0","0","0","0","0","0","0"
"AI-HP","0","0","0","0","0","0","0"
"Asian-HP","0","0","0","0","0","0","0"
"W-B-AI","4932","0","0","0","0","4932","0"
"W-B-A","0","0","0","0","0","0","0"
"W-B-HP","0","0","0","0","0","0","0"
"W-AI-A","0","0","0","0","0","0","0"
"W-AI-HP","0","0","0","0","0","0","0"
"W-A-HP","0","0","0","0","0","0","0"
"B-AI-A","0","0","0","0","0","0","0"
"W-B-AI-A","0","0","0","0","0","0","0"
"W-AI-A-HP","0","0","0","0","0","0","0"
"Other 3 Race Combinations","0","0","0","0","0","0","0"
"Other 4 and 5 Race Combinations","0","0","0","0","0","0","0"
" -> Total -> Total South Dakota","657732","58873","21311","2679","45490","362010","167369"
"White only","578038","47049","17343","1548","26915","339642","145541"
"Black only","11078","571","0","0","3567","2967","3973"
"American Indian, Alaskan Native Only","50772","11253","3437","691","4604","16129","14658"
"Asian only","9938","0","531","0","8140","0","1267"
"Hawaiian/Pacific Islander Only","0","0","0","0","0","0","0"
"White-Black","1817","0","0","0","0","1817","0"
"White-AI","6089","0","0","440","2264","1455","1930"
"White-Asian","0","0","0","0","0","0","0"
"White-HP","0","0","0","0","0","0","0"
"Black-AI","0","0","0","0","0","0","0"
"Black-Asian","0","0","0","0","0","0","0"
"Black-HP","0","0","0","0","0","0","0"
"AI-Asian","0","0","0","0","0","0","0"
"AI-HP","0","0","0","0","0","0","0"
"Asian-HP","0","0","0","0","0","0","0"
"W-B-AI","0","0","0","0","0","0","0"
"W-B-A","0","0","0","0","0","0","0"
"W-B-HP","0","0","0","0","0","0","0"
"W-AI-A","0","0","0","0","0","0","0"
"W-AI-HP","0","0","0","0","0","0","0"
"W-A-HP","0","0","0","0","0","0","0"
"B-AI-A","0","0","0","0","0","0","0"
"W-B-AI-A","0","0","0","0","0","0","0"
"W-AI-A-HP","0","0","0","0","0","0","0"
"Other 3 Race Combinations","0","0","0","0","0","0","0"
"Other 4 and 5 Race Combinations","0","0","0","0","0","0","0"
" -> Total -> Total Tennessee","5243218","452459","75125","87809","375022","2627386","1625417"
"White only","4142253","333071","50871","48603","256894","2169398","1283416"
"Black only","858922","91296","24254","36686","53790","405941","246955"
"American Indian, Alaskan Native Only","11423","0","0","0","0","0","11423"
"Asian only","136445","17729","0","0","54334","28919","35463"
"Hawaiian/Pacific Islander Only","5631","2704","0","0","0","0","2927"
"White-Black","18907","0","0","0","10004","1865","7038"
"White-AI","49214","2877","0","0","0","18452","27885"
"White-Asian","15641","0","0","2520","0","2811","10310"
"White-HP","0","0","0","0","0","0","0"
"Black-AI","0","0","0","0","0","0","0"
"Black-Asian","0","0","0","0","0","0","0"
"Black-HP","0","0","0","0","0","0","0"
"AI-Asian","0","0","0","0","0","0","0"
"AI-HP","0","0","0","0","0","0","0"
"Asian-HP","0","0","0","0","0","0","0"
"W-B-AI","4782","4782","0","0","0","0","0"
"W-B-A","0","0","0","0","0","0","0"
"W-B-HP","0","0","0","0","0","0","0"
"W-AI-A","0","0","0","0","0","0","0"
"W-AI-HP","0","0","0","0","0","0","0"
"W-A-HP","0","0","0","0","0","0","0"
"B-AI-A","0","0","0","0","0","0","0"
"W-B-AI-A","0","0","0","0","0","0","0"
"W-AI-A-HP","0","0","0","0","0","0","0"
"Other 3 Race Combinations","0","0","0","0","0","0","0"
"Other 4 and 5 Race Combinations","0","0","0","0","0","0","0"
" -> Total -> Total Texas","21095248","1799983","268821","351987","3721863","9623695","5328899"
"White only","16779490","1543221","200550","235633","2875374","7696014","4228698"
"Black only","2594455","173910","56880","77784","236339","1348660","700882"
"American Indian, Alaskan Native Only","215190","7696","0","0","81432","94535","31527"
"Asian only","1170437","56552","11391","27634","455475","339303","280082"
"Hawaiian/Pacific Islander Only","48342","0","0","0","39314","0","9028"
"White-Black","54910","9276","0","6270","6626","23527","9211"
"White-AI","126409","4491","0","0","14018","60394","47506"
"White-Asian","21605","0","0","0","4752","12859","3994"
"White-HP","14028","0","0","0","5192","3750","5086"
"Black-AI","54766","4837","0","4666","0","32378","12885"
"Black-Asian","3341","0","0","0","3341","0","0"
"Black-HP","0","0","0","0","0","0","0"
"AI-Asian","0","0","0","0","0","0","0"
"AI-HP","0","0","0","0","0","0","0"
"Asian-HP","0","0","0","0","0","0","0"
"W-B-AI","7168","0","0","0","0","7168","0"
"W-B-A","0","0","0","0","0","0","0"
"W-B-HP","0","0","0","0","0","0","0"
"W-AI-A","0","0","0","0","0","0","0"
"W-AI-HP","0","0","0","0","0","0","0"
"W-A-HP","0","0","0","0","0","0","0"
"B-AI-A","5107","0","0","0","0","5107","0"
"W-B-AI-A","0","0","0","0","0","0","0"
"W-AI-A-HP","0","0","0","0","0","0","0"
"Other 3 Race Combinations","0","0","0","0","0","0","0"
"Other 4 and 5 Race Combinations","0","0","0","0","0","0","0"
" -> Total -> Total Utah","2210020","164531","18534","37723","239928","1234973","514331"
"White only","2056514","145660","16195","35350","203285","1181959","474065"
"Black only","22208","0","0","2373","6817","6640","6378"
"American Indian, Alaskan Native Only","25189","3591","0","0","0","16555","5043"
"Asian only","51910","2970","0","0","24939","19210","4791"
"Hawaiian/Pacific Islander Only","27959","8875","2339","0","4887","1704","10154"
"White-Black","7614","0","0","0","0","5218","2396"
"White-AI","7392","0","0","0","0","1746","5646"
"White-Asian","5098","3435","0","0","0","0","1663"
"White-HP","1941","0","0","0","0","1941","0"
"Black-AI","4195","0","0","0","0","0","4195"
"Black-Asian","0","0","0","0","0","0","0"
"Black-HP","0","0","0","0","0","0","0"
"AI-Asian","0","0","0","0","0","0","0"
"AI-HP","0","0","0","0","0","0","0"
"Asian-HP","0","0","0","0","0","0","0"
"W-B-AI","0","0","0","0","0","0","0"
"W-B-A","0","0","0","0","0","0","0"
"W-B-HP","0","0","0","0","0","0","0"
"W-AI-A","0","0","0","0","0","0","0"
"W-AI-HP","0","0","0","0","0","0","0"
"W-A-HP","0","0","0","0","0","0","0"
"B-AI-A","0","0","0","0","0","0","0"
"W-B-AI-A","0","0","0","0","0","0","0"
"W-AI-A-HP","0","0","0","0","0","0","0"
"Other 3 Race Combinations","0","0","0","0","0","0","0"
"Other 4 and 5 Race Combinations","0","0","0","0","0","0","0"
" -> Total -> Total Vermont","515885","65154","11336","5677","27557","305031","101130"
"White only","481125","57572","9294","5677","17427","293001","98154"
"Black only","5422","1178","0","0","1629","1509","1106"
"American Indian, Alaskan Native Only","2753","551","483","0","589","776","354"
"Asian only","13160","1056","1559","0","6068","4477","0"
"Hawaiian/Pacific Islander Only","338","0","0","0","338","0","0"
"White-Black","2543","883","0","0","361","867","432"
"White-AI","8793","2858","0","0","1145","3706","1084"
"White-Asian","1751","1056","0","0","0","695","0"
"White-HP","0","0","0","0","0","0","0"
"Black-AI","0","0","0","0","0","0","0"
"Black-Asian","0","0","0","0","0","0","0"
"Black-HP","0","0","0","0","0","0","0"
"AI-Asian","0","0","0","0","0","0","0"
"AI-HP","0","0","0","0","0","0","0"
"Asian-HP","0","0","0","0","0","0","0"
"W-B-AI","0","0","0","0","0","0","0"
"W-B-A","0","0","0","0","0","0","0"
"W-B-HP","0","0","0","0","0","0","0"
"W-AI-A","0","0","0","0","0","0","0"
"W-AI-HP","0","0","0","0","0","0","0"
"W-A-HP","0","0","0","0","0","0","0"
"B-AI-A","0","0","0","0","0","0","0"
"W-B-AI-A","0","0","0","0","0","0","0"
"W-AI-A-HP","0","0","0","0","0","0","0"
"Other 3 Race Combinations","0","0","0","0","0","0","0"
"Other 4 and 5 Race Combinations","0","0","0","0","0","0","0"
" -> Total -> Total Virginia","6578167","461680","88422","61994","744946","3978580","1242545"
"White only","4610761","363060","36545","41987","437403","2892323","839443"
"Black only","1250561","72154","43525","12930","112333","740213","269406"
"American Indian, Alaskan Native Only","35616","0","0","0","0","15364","20252"
"Asian only","471697","8826","0","7077","168870","211366","75558"
"Hawaiian/Pacific Islander Only","37283","0","5710","0","10935","8859","11779"
"White-Black","42889","7248","0","0","9250","8993","17398"
"White-AI","42305","6211","0","0","0","36094","0"
"White-Asian","26570","0","0","0","0","21801","4769"
"White-HP","6023","0","0","0","0","6023","0"
"Black-AI","28008","4181","2642","0","6155","15030","0"
"Black-Asian","7145","0","0","0","0","3205","3940"
"Black-HP","0","0","0","0","0","0","0"
"AI-Asian","0","0","0","0","0","0","0"
"AI-HP","0","0","0","0","0","0","0"
"Asian-HP","16009","0","0","0","0","16009","0"
"W-B-AI","3300","0","0","0","0","3300","0"
"W-B-A","0","0","0","0","0","0","0"
"W-B-HP","0","0","0","0","0","0","0"
"W-AI-A","0","0","0","0","0","0","0"
"W-AI-HP","0","0","0","0","0","0","0"
"W-A-HP","0","0","0","0","0","0","0"
"B-AI-A","0","0","0","0","0","0","0"
"W-B-AI-A","0","0","0","0","0","0","0"
"W-AI-A-HP","0","0","0","0","0","0","0"
"Other 3 Race Combinations","0","0","0","0","0","0","0"
"Other 4 and 5 Race Combinations","0","0","0","0","0","0","0"
" -> Total -> Total Washington","5742119","398175","97464","76813","639130","3381284","1149253"
"White only","4760047","317648","62192","57500","408572","3025987","888148"
"Black only","204196","33191","3072","10557","20795","78181","58400"
"American Indian, Alaskan Native Only","140078","23335","19376","2583","4064","34793","55927"
"Asian only","440277","15169","7561","6173","201605","164774","44995"
"Hawaiian/Pacific Islander Only","40518","3652","0","0","4094","11200","21572"
"White-Black","32419","5180","0","0","0","6788","20451"
"White-AI","72239","0","5263","0","0","32748","34228"
"White-Asian","34869","0","0","0","0","23695","11174"
"White-HP","8350","0","0","0","0","3118","5232"
"Black-AI","0","0","0","0","0","0","0"
"Black-Asian","5782","0","0","0","0","0","5782"
"Black-HP","0","0","0","0","0","0","0"
"AI-Asian","3344","0","0","0","0","0","3344"
"AI-HP","0","0","0","0","0","0","0"
"Asian-HP","0","0","0","0","0","0","0"
"W-B-AI","0","0","0","0","0","0","0"
"W-B-A","0","0","0","0","0","0","0"
"W-B-HP","0","0","0","0","0","0","0"
"W-AI-A","0","0","0","0","0","0","0"
"W-AI-HP","0","0","0","0","0","0","0"
"W-A-HP","0","0","0","0","0","0","0"
"B-AI-A","0","0","0","0","0","0","0"
"W-B-AI-A","0","0","0","0","0","0","0"
"W-AI-A-HP","0","0","0","0","0","0","0"
"Other 3 Race Combinations","0","0","0","0","0","0","0"
"Other 4 and 5 Race Combinations","0","0","0","0","0","0","0"
" -> Total -> Total West Virginia","1481629","189666","17236","19152","56843","723415","475317"
"White only","1392678","177052","15862","19152","45701","682348","452563"
"Black only","49542","7643","1374","0","2264","24286","13975"
"American Indian, Alaskan Native Only","4740","0","0","0","3090","1650","0"
"Asian only","10593","1083","0","0","3451","2906","3153"
"Hawaiian/Pacific Islander Only","0","0","0","0","0","0","0"
"White-Black","8863","1780","0","0","2337","1148","3598"
"White-AI","10727","1241","0","0","0","7458","2028"
"White-Asian","3619","0","0","0","0","3619","0"
"White-HP","0","0","0","0","0","0","0"
"Black-AI","867","867","0","0","0","0","0"
"Black-Asian","0","0","0","0","0","0","0"
"Black-HP","0","0","0","0","0","0","0"
"AI-Asian","0","0","0","0","0","0","0"
"AI-HP","0","0","0","0","0","0","0"
"Asian-HP","0","0","0","0","0","0","0"
"W-B-AI","0","0","0","0","0","0","0"
"W-B-A","0","0","0","0","0","0","0"
"W-B-HP","0","0","0","0","0","0","0"
"W-AI-A","0","0","0","0","0","0","0"
"W-AI-HP","0","0","0","0","0","0","0"
"W-A-HP","0","0","0","0","0","0","0"
"B-AI-A","0","0","0","0","0","0","0"
"W-B-AI-A","0","0","0","0","0","0","0"
"W-AI-A-HP","0","0","0","0","0","0","0"
"Other 3 Race Combinations","0","0","0","0","0","0","0"
"Other 4 and 5 Race Combinations","0","0","0","0","0","0","0"
" -> Total -> Total Wisconsin","4583545","314911","36293","31781","228164","3067176","905220"
"White only","4187311","203910","25152","28965","187114","2896855","845315"
"Black only","205074","67131","11141","2816","7534","92136","24316"
"American Indian, Alaskan Native Only","13125","0","0","0","0","6576","6549"
"Asian only","127842","38415","0","0","33516","45050","10861"
"Hawaiian/Pacific Islander Only","0","0","0","0","0","0","0"
"White-Black","21354","5455","0","0","0","8893","7006"
"White-AI","2978","0","0","0","0","2978","0"
"White-Asian","11374","0","0","0","0","11374","0"
"White-HP","0","0","0","0","0","0","0"
"Black-AI","0","0","0","0","0","0","0"
"Black-Asian","0","0","0","0","0","0","0"
"Black-HP","0","0","0","0","0","0","0"
"AI-Asian","0","0","0","0","0","0","0"
"AI-HP","0","0","0","0","0","0","0"
"Asian-HP","0","0","0","0","0","0","0"
"W-B-AI","14487","0","0","0","0","3314","11173"
"W-B-A","0","0","0","0","0","0","0"
"W-B-HP","0","0","0","0","0","0","0"
"W-AI-A","0","0","0","0","0","0","0"
"W-AI-HP","0","0","0","0","0","0","0"
"W-A-HP","0","0","0","0","0","0","0"
"B-AI-A","0","0","0","0","0","0","0"
"W-B-AI-A","0","0","0","0","0","0","0"
"W-AI-A-HP","0","0","0","0","0","0","0"
"Other 3 Race Combinations","0","0","0","0","0","0","0"
"Other 4 and 5 Race Combinations","0","0","0","0","0","0","0"
" -> Total -> Total Wyoming","453496","28296","4459","4526","25948","277030","113237"
"White only","419436","26245","4459","4526","20580","260275","103351"
"Black only","5628","0","0","0","1037","3290","1301"
"American Indian, Alaskan Native Only","15809","2051","0","0","1208","5707","6843"
"Asian only","6469","0","0","0","2795","2613","1061"
"Hawaiian/Pacific Islander Only","1128","0","0","0","328","800","0"
"White-Black","1529","0","0","0","0","1195","334"
"White-AI","2873","0","0","0","0","2526","347"
"White-Asian","0","0","0","0","0","0","0"
"White-HP","292","0","0","0","0","292","0"
"Black-AI","0","0","0","0","0","0","0"
"Black-Asian","0","0","0","0","0","0","0"
"Black-HP","0","0","0","0","0","0","0"
"AI-Asian","0","0","0","0","0","0","0"
"AI-HP","0","0","0","0","0","0","0"
"Asian-HP","332","0","0","0","0","332","0"
"W-B-AI","0","0","0","0","0","0","0"
"W-B-A","0","0","0","0","0","0","0"
"W-B-HP","0","0","0","0","0","0","0"
"W-AI-A","0","0","0","0","0","0","0"
"W-AI-HP","0","0","0","0","0","0","0"
"W-A-HP","0","0","0","0","0","0","0"
"B-AI-A","0","0","0","0","0","0","0"
"W-B-AI-A","0","0","0","0","0","0","0"
"W-AI-A-HP","0","0","0","0","0","0","0"
"Other 3 Race Combinations","0","0","0","0","0","0","0"
"Other 4 and 5 Race Combinations","0","0","0","0","0","0","0"